GEOID,NAME,pop,pct_black,pct_nh_white,black,white,med_income,med_income_moe,housing_units,vacant_units,pct_own,condemned,score1_intact,pct_vacant
42003010301,Census Tract 103.01,1855,55.5,35.1,1029,652,,,0,0,,0,0,
42003010302,Census Tract 103.02,4754,11.1,75.3,528,3581,61035.0,9956.0,471,142,35.6,32,14,30.148619957537154
42003020100,Census Tract 201,4600,10.5,61.1,485,2811,82409.0,18140.0,3546,1062,8.5,0,0,29.949238578680202
42003020300,Census Tract 203,1928,2.6,78.3,51,1510,118375.0,13923.0,1925,439,8.9,2,1,22.805194805194805
42003030500,Census Tract 305,2978,59.8,22.5,1782,670,36365.0,9731.0,1972,389,22.2,26,6,19.726166328600407
42003040200,Census Tract 402,2102,29.1,53.7,611,1128,31042.0,12399.0,686,235,25.1,11,6,34.25655976676385
42003040400,Census Tract 404,1603,3.2,65.1,51,1044,60192.0,20711.0,1255,299,68.8,0,0,23.824701195219124
42003040500,Census Tract 405,3081,5.1,77.3,157,2383,16721.0,6009.0,1265,341,9.2,1,0,26.956521739130434
42003040600,Census Tract 406,2337,0.7,91.5,16,2138,30392.0,11496.0,1068,301,4.4,0,0,28.183520599250937
42003040900,Census Tract 409,3280,18.7,63.1,612,2069,26866.0,7623.0,1810,361,29.4,10,3,19.944751381215468
42003050100,Census Tract 501,1746,92.1,3.6,1608,62,30436.0,10379.0,1100,213,21.1,89,16,19.363636363636363
42003050600,Census Tract 506,1550,58.8,28.3,911,439,39976.0,17947.0,1095,318,54.1,57,12,29.041095890410958
42003050900,Census Tract 509,1545,91.3,3.4,1410,53,11986.0,2048.0,813,47,4.2,17,2,5.781057810578106
42003051000,Census Tract 510,2382,44.1,35.7,1050,850,19446.0,3092.0,913,161,4.3,5,4,17.634173055859804
42003051100,Census Tract 511,807,59.5,21.6,480,174,8889.0,8325.0,270,10,0.0,0,0,3.7037037037037037
42003060300,Census Tract 603,2724,3.9,80.2,107,2186,105128.0,23908.0,2008,327,36.3,5,2,16.284860557768923
42003060500,Census Tract 605,1115,3.1,91.2,35,1017,54926.0,18722.0,880,215,46.8,8,5,24.431818181818183
42003070300,Census Tract 703,2077,8.4,63.7,175,1324,90625.0,21820.0,1282,264,38.0,1,0,20.59282371294852
42003070500,Census Tract 705,2989,4.1,67.2,122,2010,73526.0,3969.0,1933,221,23.4,4,3,11.433005690636316
42003070600,Census Tract 706,2090,0.8,85.1,17,1778,76865.0,19648.0,1412,173,39.1,0,0,12.252124645892351
42003070800,Census Tract 708,2618,1.7,61.7,45,1616,103920.0,28006.0,1904,269,19.2,1,1,14.128151260504202
42003070900,Census Tract 709,4444,6.4,52.1,285,2314,47519.0,11912.0,2736,401,29.7,1,1,14.65643274853801
42003080200,Census Tract 802,1637,2.2,88.3,36,1445,68708.0,12003.0,1076,137,44.9,7,2,12.732342007434944
42003080400,Census Tract 804,1568,3.2,65.1,50,1020,65116.0,7723.0,1046,125,25.6,1,0,11.950286806883366
42003080600,Census Tract 806,2054,2.5,83.5,51,1715,61135.0,12607.0,1250,197,31.3,1,0,15.76
42003080700,Census Tract 807,1935,6.5,63.2,125,1222,58750.0,16335.0,1376,141,12.1,1,0,10.247093023255815
42003080900,Census Tract 809,1877,6.4,72.6,120,1363,62317.0,11187.0,1204,84,30.4,2,2,6.976744186046512
42003090100,Census Tract 901,2019,9.6,76.0,193,1534,112885.0,30631.0,1388,128,40.9,8,2,9.221902017291066
42003090200,Census Tract 902,2635,2.4,87.7,63,2311,88534.0,12187.0,1548,226,48.6,1,0,14.599483204134367
42003090300,Census Tract 903,1384,1.1,92.7,15,1283,77050.0,14361.0,986,195,45.4,9,3,19.776876267748477
42003100500,Census Tract 1005,2016,53.8,36.5,1085,735,72043.0,6081.0,932,13,71.2,3,1,1.3948497854077253
42003101100,Census Tract 1011,2549,2.9,89.3,74,2277,101375.0,17217.0,1492,349,63.3,7,2,23.39142091152815
42003101400,Census Tract 1014,3222,9.2,78.0,296,2513,87813.0,11777.0,1665,205,68.0,6,3,12.312312312312311
42003101800,Census Tract 1018,2573,10.2,79.6,263,2047,85724.0,15198.0,1335,11,89.6,9,5,0.8239700374531835
42003101900,Census Tract 1019,2803,57.5,24.0,1611,674,60625.0,17542.0,1331,198,41.7,34,11,14.87603305785124
42003110200,Census Tract 1102,4241,12.9,71.3,546,3022,98906.0,22242.0,2364,220,44.9,3,2,9.306260575296108
42003110600,Census Tract 1106,2364,8.4,81.6,198,1929,109444.0,33251.0,1135,73,76.4,0,0,6.431718061674009
42003111300,Census Tract 1113,2927,22.9,59.2,671,1733,76929.0,14751.0,1561,357,36.5,5,2,22.869955156950674
42003111400,Census Tract 1114,1235,54.0,39.7,667,490,59605.0,19379.0,772,112,38.9,15,4,14.507772020725389
42003111500,Census Tract 1115,3718,54.6,26.6,2029,990,57176.0,11168.0,2679,533,9.6,5,2,19.895483389324376
42003120300,Census Tract 1203,1507,89.6,2.1,1350,31,32188.0,10929.0,794,185,42.4,53,4,23.299748110831235
42003120900,Census Tract 1209,1473,73.0,20.2,1075,297,25727.0,8544.0,861,264,34.0,48,3,30.662020905923345
42003130200,Census Tract 1302,1073,81.5,6.9,875,74,50605.0,5085.0,627,238,66.1,65,11,37.9585326953748
42003130600,Census Tract 1306,3994,90.8,4.0,3628,160,32083.0,20094.0,1497,265,35.6,55,10,17.70207080828323
42003130700,Census Tract 1307,2334,82.6,6.5,1928,151,31799.0,4246.0,1355,291,39.8,79,10,21.476014760147603
42003130800,Census Tract 1308,2186,75.6,10.1,1652,221,27177.0,11112.0,1530,592,33.6,93,6,38.69281045751634
42003140100,Census Tract 1401,6246,4.9,59.7,307,3727,222778.0,66883.0,1145,97,76.0,1,0,8.471615720524017
42003140200,Census Tract 1402,2537,2.6,69.3,67,1758,65378.0,17626.0,974,121,41.1,0,0,12.42299794661191
42003140300,Census Tract 1403,3400,3.0,74.4,102,2529,129464.0,45769.0,1540,205,53.0,0,0,13.311688311688311
42003140400,Census Tract 1404,2200,0.4,83.4,8,1835,194688.0,43499.0,971,95,86.1,0,0,9.783728115345005
42003140500,Census Tract 1405,2338,13.7,58.6,321,1369,95523.0,7140.0,1229,96,42.8,3,3,7.8112286411716845
42003140800,Census Tract 1408,4731,5.3,72.3,249,3422,87538.0,16729.0,2017,144,47.8,2,1,7.139315815567675
42003141100,Census Tract 1411,1369,3.9,90.4,53,1237,103750.0,9434.0,626,15,85.1,1,0,2.3961661341853033
42003141200,Census Tract 1412,4197,5.7,81.1,240,3405,126470.0,10860.0,1959,126,73.6,4,1,6.431852986217458
42003141300,Census Tract 1413,4717,3.5,66.5,163,3138,61354.0,21785.0,2459,160,30.5,3,3,6.506710044733632
42003141400,Census Tract 1414,5362,4.5,67.7,242,3631,113472.0,16301.0,2935,353,54.2,6,4,12.02725724020443
42003151600,Census Tract 1516,2413,5.5,78.8,133,1902,70069.0,24144.0,1415,162,73.6,14,7,11.448763250883392
42003151700,Census Tract 1517,4169,2.9,83.2,122,3470,67456.0,25402.0,2582,252,58.8,5,2,9.759876065065841
42003160800,Census Tract 1608,2384,5.2,83.3,125,1985,55761.0,23695.0,1513,255,49.8,24,11,16.853932584269664
42003160900,Census Tract 1609,3603,4.8,86.9,174,3130,72953.0,14750.0,2261,238,20.7,4,4,10.526315789473685
42003161000,Census Tract 1610,3200,48.8,39.5,1562,1263,57372.0,33505.0,1390,244,61.3,50,14,17.553956834532375
42003170200,Census Tract 1702,3732,19.0,76.6,708,2857,67348.0,18704.0,2505,367,45.6,14,3,14.650698602794412
42003170600,Census Tract 1706,1701,11.2,80.1,191,1363,59301.0,11314.0,1146,249,45.8,26,9,21.727748691099478
42003180300,Census Tract 1803,1837,39.1,53.7,718,987,43125.0,15022.0,1246,262,48.4,55,11,21.02728731942215
42003180700,Census Tract 1807,2396,18.2,69.4,435,1664,68889.0,13720.0,1152,60,33.2,11,2,5.208333333333333
42003190300,Census Tract 1903,2030,5.3,86.3,107,1751,95885.0,26173.0,1275,44,61.2,3,1,3.450980392156863
42003191100,Census Tract 1911,2346,1.1,88.0,26,2065,104286.0,15674.0,1493,141,68.2,1,0,9.444072337575351
42003191400,Census Tract 1914,2486,3.1,84.3,77,2095,66250.0,19966.0,1850,302,25.6,13,5,16.324324324324323
42003191500,Census Tract 1915,1799,5.2,88.9,94,1599,75463.0,11012.0,1096,188,49.2,4,2,17.153284671532848
42003191600,Census Tract 1916,3600,13.8,74.5,498,2681,70436.0,11488.0,1970,191,63.5,17,5,9.695431472081218
42003191700,Census Tract 1917,3193,2.4,83.7,76,2673,61625.0,17003.0,1664,189,67.6,7,3,11.358173076923077
42003191800,Census Tract 1918,5737,5.0,88.4,284,5071,77689.0,13302.0,2704,70,64.2,4,0,2.588757396449704
42003191900,Census Tract 1919,2320,2.4,90.9,55,2108,72466.0,17249.0,1119,34,64.9,8,5,3.038427167113494
42003192000,Census Tract 1920,3212,12.5,70.9,403,2277,70000.0,7419.0,1739,283,61.7,13,3,16.27372052903968
42003202200,Census Tract 2022,2527,20.4,61.3,515,1548,56551.0,3773.0,1360,165,66.0,37,9,12.132352941176471
42003202300,Census Tract 2023,3750,15.2,79.0,570,2963,75808.0,15942.0,2073,171,55.8,2,0,8.24891461649783
42003241300,Census Tract 2413,3766,14.8,73.2,557,2758,75338.0,9011.0,2299,411,43.5,56,23,17.877337973031754
42003250900,Census Tract 2509,1255,40.2,39.3,504,493,49500.0,26230.0,671,63,42.9,36,11,9.38897168405365
42003260200,Census Tract 2602,2117,14.5,74.6,307,1579,82981.0,14388.0,1018,113,65.1,8,3,11.100196463654225
42003260700,Census Tract 2607,1674,27.4,57.3,458,960,90149.0,13706.0,816,177,69.5,15,4,21.691176470588236
42003261300,Census Tract 2613,2815,62.6,32.3,1761,909,58427.0,24036.0,1114,123,47.4,5,1,11.041292639138241
42003261400,Census Tract 2614,1870,54.5,36.3,1019,679,35766.0,11081.0,1276,290,61.4,88,22,22.727272727272727
42003261500,Census Tract 2615,1682,55.4,30.3,931,509,48571.0,21024.0,782,108,44.4,43,5,13.81074168797954
42003262000,Census Tract 2620,2643,28.6,58.9,755,1557,38561.0,13887.0,1314,114,53.6,43,20,8.67579908675799
42003270100,Census Tract 2701,2419,14.1,82.7,341,2000,75990.0,16286.0,1281,100,71.3,4,1,7.8064012490242
42003270300,Census Tract 2703,2107,45.9,41.1,967,866,58315.0,24461.0,1026,81,43.6,12,4,7.894736842105263
42003270800,Census Tract 2708,2497,18.3,74.8,458,1868,96383.0,22652.0,1417,136,89.0,10,3,9.597741707833451
42003271600,Census Tract 2716,4472,48.3,35.8,2162,1603,40632.0,19704.0,2353,201,54.6,109,36,8.542286442838929
42003281400,Census Tract 2814,2542,41.4,50.1,1052,1273,37750.0,20303.0,1183,91,63.5,8,3,7.6923076923076925
42003281500,Census Tract 2815,1552,31.6,55.2,491,857,60476.0,16935.0,676,86,59.8,15,4,12.721893491124261
42003290100,Census Tract 2901,1764,22.2,63.6,392,1122,47143.0,32274.0,979,209,57.7,26,8,21.348314606741575
42003290200,Census Tract 2902,3840,18.5,62.8,712,2411,47904.0,14059.0,2170,305,54.0,21,8,14.055299539170507
42003290400,Census Tract 2904,3552,18.9,71.3,672,2532,70478.0,18303.0,2254,413,62.6,19,7,18.322981366459626
42003300100,Census Tract 3001,3513,39.6,28.8,1391,1012,52099.0,16308.0,1748,571,55.3,112,22,32.66590389016018
42003310200,Census Tract 3102,3249,6.3,88.8,205,2884,83500.0,13083.0,1584,182,90.7,16,10,11.48989898989899
42003320400,Census Tract 3204,1843,4.6,85.5,84,1575,61563.0,12691.0,966,71,86.4,12,4,7.349896480331263
42003320600,Census Tract 3206,2263,7.1,89.2,160,2018,82537.0,16500.0,1091,72,84.6,6,1,6.599450045829514
42003320700,Census Tract 3207,1754,1.8,84.8,31,1488,77891.0,10002.0,824,123,83.5,7,3,14.927184466019417
42003561900,Census Tract 5619,1832,93.3,2.4,1710,44,35152.0,25999.0,1125,221,72.7,61,10,19.644444444444446
42003562000,Census Tract 5620,2465,9.4,48.7,232,1200,28472.0,7531.0,2111,349,17.4,2,0,16.532449076267174
42003562300,Census Tract 5623,3374,46.9,35.3,1581,1191,40302.0,21056.0,1668,285,51.1,82,40,17.086330935251798
42003562400,Census Tract 5624,2770,47.3,31.2,1311,864,41098.0,7705.0,1315,217,59.5,97,19,16.50190114068441
42003562500,Census Tract 5625,2987,66.7,21.5,1993,642,61938.0,17899.0,1277,153,58.6,54,24,11.981205951448707
42003562600,Census Tract 5626,2639,34.3,60.0,906,1583,42945.0,15741.0,1595,190,45.8,62,18,11.912225705329154
42003562700,Census Tract 5627,1949,13.3,68.8,260,1340,60658.0,12712.0,1405,63,8.7,1,0,4.483985765124555
42003562800,Census Tract 5628,1563,3.3,80.9,52,1264,61563.0,10199.0,823,69,58.4,3,0,8.383961117861482
42003562901,Census Tract 5629.01,1643,25.7,48.8,423,802,34018.0,23087.0,787,164,48.3,50,25,20.838627700127066
42003563000,Census Tract 5630,3294,38.2,45.0,1258,1483,55833.0,21879.0,1469,149,60.5,21,6,10.142954390742002
42003563100,Census Tract 5631,3647,6.2,68.3,226,2491,72058.0,7435.0,1752,105,73.5,15,4,5.993150684931507
42003563201,Census Tract 5632.01,366,0.0,89.1,0,326,103281.0,20884.0,304,29,11.3,1,0,9.539473684210526
42003563202,Census Tract 5632.02,1934,22.9,68.9,442,1332,60000.0,31270.0,1567,323,35.8,26,10,20.612635609444798
42003565100,Census Tract 5651,2995,19.0,71.4,568,2138,68845.0,8169.0,1870,317,48.6,28,14,16.951871657754012
42003565200,Census Tract 5652,2739,47.3,33.8,1296,926,92500.0,47752.0,1663,337,45.8,54,17,20.26458208057727
42003565300,Census Tract 5653,1359,19.9,74.0,271,1006,71250.0,26112.0,558,44,80.4,18,13,7.885304659498208
42003980400,Census Tract 9804,8,0.0,100.0,0,8,,,8,0,50.0,0,0,0.0
42003980500,Census Tract 9805,9,0.0,100.0,0,9,,,9,0,100.0,1,0,0.0
42003980600,Census Tract 9806,5,0.0,100.0,0,5,,,5,0,0.0,0,0,0.0
42003980700,Census Tract 9807,167,0.0,82.6,0,138,93500.0,85311.0,191,59,0.0,0,0,30.89005235602094
42003980900,Census Tract 9809,24,25.0,75.0,6,18,,,0,0,,0,0,
42003981800,Census Tract 9818,305,21.3,71.1,65,217,,,0,0,,0,0,
42003982200,Census Tract 9822,6035,8.3,66.7,501,4025,,,8,0,0.0,0,0,0.0
